Search Term,Event count,
tartufo,24,
Branzino,19,
pesce,17,
Dorade,16,
scampi,16,
lachs,14,
wagyu,14,
Sogliole,12,
calamari,12,
filetto di manzo,12,
peretta sarda,12,
polipo,12,
sogliola,12,
Astice,11,
Tacchino,11,
astice,11,
fisch,11,
ostriche,11,
sogliol,11,
Wagyu,10,
austern,10,
caviale,10,
pancetta,10,
pollo,10,
vitello,10,
Rombo,9,
alghe,9,
rack d'agnello,9,
Ostriche,8,
Salmone,8,
carciofi,8,
merluzzo,8,
orata,8,
rombo,8,
salsiccia,8,
tonno,8,
Luccioperca,7,
Scampi,7,
burger,7,
cozze,7,
entrecote,7,
gamberoni,7,
patate,7,
salmone,7,
spaghetti,7,
10023,6,
10025,6,
Burrate,6,
Caviale,6,
Cervo,6,
Cozze,6,
ORATA,6,
Orata,6,
Pesce spada,6,
branzino,6,
filetto di trota salmonata,6,
funghi,6,
ossa,6,
persico,6,
prosciutto,6,
trota,6,
Gambero rosso,5,
Ostriche ,5,
Pesce,5,
Polpo,5,
Vongole,5,
Vongole ,5,
agnello,5,
foie gras,5,
gambero rosso,5,
guanciale,5,
hummer,5,
maiale,5,
moscardini,5,
seppia,5,
seppie,5,
terrina,5,
trota salmonata,5,
zafferano,5,
zander,5,
40247,4,
Carpacci,4,
Carpaccio,4,
Fegato grasso,4,
Filetto manzo,4,
Gambero ,4,
Grattugiato,4,
Kaviar,4,
Lombo vitello,4,
Maiale,4,
Paraguay,4,
Pecorino grattugiato ,4,
Pollo,4,
Veau,4,
alpstein,4,
hamburger,4,
magatello,4,
magatello di vitello,4,
polpo,4,
racks,4,
saibling,4,
speck,4,
tartare,4,
triglie,4,
10363,3,
11346,3,
11450,3,
40789,3,
41442,3,
42332,3,
99902,3,
Agnello,3,
Blinis,3,
Bufala,3,
Cavia,3,
Entrecote di manzo,3,
Gamberetti,3,
Prosciutto cotto,3,
Rinds huft,3,
Ris de veau,3,
Riso,3,
Saku,3,
Salmone ,3,
Sogliola,3,
Tonno,3,
anatra,3,
baccala,3,
blinis,3,
bufala,3,
burrata,3,
cervo,3,
colorazione,3,
cordon bleu,3,
cotenna maiale,3,
crudo,3,
forelle,3,
freschi,3,
gamberi ,3,
gambero,3,
limone,3,
lonza di maiale,3,
maialino,3,
manzo,3,
merluzzo carbonaro,3,
olive,3,
ossobuco,3,
parata,3,
pasta,3,
petto di pollo ,3,
raus kalbs,3,
saku,3,
salmone affumicato,3,
salmone lostallo,3,
schollen,3,
secreto,3,
steinbutt,3,
tartufo nero,3,
terrina capriolo,3,
zanderfilet,3,
11253,2,
11416,2,
18619,2,
20317,2,
20593,2,
30058,2,
35032,2,
40167,2,
40248,2,
40335,2,
40596,2,
41498,2,
41595,2,
42229,2,
42655,2,
62547,2,
63276,2,
Antipasti ,2,
Astici,2,
Barbue,2,
Bisonte,2,
Burro,2,
CAROTE,2,
COSTOLETTE,2,
Capriolo,2,
Carré agnello,2,
Crostacei,2,
Fassona,2,
Fegato danatra,2,
Foie gras,2,
Forelle,2,
Gambero,2,
Gambero rossi,2,
Gamberoni 8\12 interi,2,
Orata ,2,
Ossa pollo,2,
PLANTED,2,
Pancetta,2,
Pasta k,2,
Poisson,2,
Pollo panato,2,
Raclette ,2,
Riccio,2,
Rinds Huft,2,
Salmone affumi,2,
Salmone affumicato ,2,
Seeigel,2,
Speck,2,
T,2,
Tagliatelle,2,
Tagliolini,2,
Tartare,2,
Tartufi ,2,
Teste di astice,2,
Thurgovien,2,
Tonno sesamo,2,
Trockenfleisch,2,
Turbot,2,
Turgoviese,2,
Uova salmone,2,
Viennesi,2,
acquerello,2,
aletta,2,
alette di polli,2,
apfelmacheroni,2,
aquarello,2,
bacon ,2,
barsch,2,
bastoncini di pesce,2,
bla,2,
burger angus,2,
burger manzo,2,
capesante,2,
capriolo,2,
carabinero,2,
carpaccio,2,
carpaccio di manzo,2,
caviale di scampi,2,
colorante,2,
controfiletto,2,
coregone,2,
coriandolo,2,
cosce,2,
cosce di coniglio,2,
costolette,2,
crevette,2,
dorsch loin,2,
egli ,2,
entrecote di manzo,2,
faraona,2,
fegato d' oca,2,
ferma,2,
foie gras anatra,2,
fragola,2,
fritto,2,
galletto,2,
gamberi,2,
gamberi svizzeri,2,
gemma,2,
goldbrasse,2,
gotthard zander,2,
graso,2,
jus,2,
jus vitello,2,
kalbs leber,2,
kaninchen,2,
katsu,2,
kebab,2,
lardo,2,
leber,2,
lostallo,2,
luccioperca,2,
macinato,2,
maionese,2,
mandarin,2,
mascarpone,2,
merluzzo ,2,
mortadella,2,
noce di manzo,2,
nuggets,2,
olio ,2,
olive as,2,
ombrin,2,
ombrina,2,
orata rosa,2,
parmigg,2,
passion,2,
pecorino,2,
pesce persico,2,
pesce spada ,2,
petti di pollo ,2,
platessa,2,
quaglia,2,
rack ,2,
salame milano,2,
salametti,2,
sale,2,
salmerino,2,
salmone affumicato ,2,
salmone graved,2,
salumi,2,
scamone,2,
selle,2,
selvaggina,2,
soia,2,
sushi,2,
swiss lachs,2,
tacchino,2,
tagliatelle,2,
terrina ,2,
tofu,2,
tonno saku,2,
triglia,2,
trippa ,2,
udon,2,
uova quaglia,2,
vongole,2,
vongole ,2,
wienerli,2,
wurst,2,
 Jacques ,1,
 grattuggiato,1,
 lonza maiale,1,
 sandre,1,
10011,1,
10024,1,
10054,1,
11361,1,
11669,1,
12014,1,
2031,1,
20832,1,
21101,1,
21137,1,
30050,1,
30192,1,
30253,1,
30729,1,
30811,1,
30885,1,
35003,1,
35240,1,
37138,1,
40162,1,
40348,1,
40465,1,
40730,1,
40941,1,
41070,1,
41154,1,
41931,1,
42198,1,
42296,1,
60011,1,
60299,1,
61148,1,
65180,1,
8/12,1,
87890,1,
999,1,
99900,1,
ALETTE,1,
Agnello ,1,
Alce,1,
Anatre,1,
Antipasti,1,
Arancini,1,
Arrosto,1,
Astice congelato,1,
Baccala,1,
Balsamico,1,
Beamzino,1,
Beef,1,
Beef filet,1,
Beef import,1,
Belon,1,
Bistecca vegana,1,
Black tiger,1,
Blinis ,1,
Branzino lenza 2 kg,1,
Burrata,1,
Burrata ,1,
CRUDO,1,
Calamari,1,
Capesante,1,
Cappesante,1,
Carapaci,1,
Carcasse,1,
Carne macinata ,1,
Caroacci,1,
Carpaccio gambero,1,
Carpaccio wagyu,1,
Caviale Beluga 200 g,1,
Colazioni ,1,
Congelato ,1,
Cordon bleu,1,
Corregone,1,
Cosce pollo,1,
Costata,1,
Costata manzo,1,
Costata manzo ,1,
Cou de boeuf,1,
Creme,1,
Creme  tartufo,1,
DARIO,1,
ESTRATTO,1,
FILETTO DI ,1,
Farina,1,
Fegato,1,
Fegato di cervo,1,
Fesa di tacchino,1,
Filet de dorade,1,
Filetto di manzo,1,
Filetto di toro,1,
Filetto manzoch,1,
Filetto salmone,1,
Fiori ,1,
Fiori di zucchine,1,
Fiori zucca,1,
Firoi ,1,
Fish,1,
Fleisch,1,
Focaccia,1,
Foie Gras,1,
Formaggio grattugiato,1,
Forrelle,1,
Fuselli di pollo ,1,
GUANCIA,1,
Gallinella,1,
Gambas,1,
Gamberi,1,
Gambero Argentina,1,
Gnocchi,1,
Grana grattugiato,1,
Grana grattugiato formaggio,1,
Halibut,1,
Hamburger manzo,1,
Hamburger vegan,1,
Hamburgher,1,
Himalaya,1,
Huit,1,
Job,1,
Lamponi,1,
Lombata,1,
Lombata vitello,1,
Lotte,1,
Macinato di manzo ,1,
Maialino,1,
Mascarpone,1,
Mazzancolle ,1,
Merluzzo,1,
Mezzena di maiale,1,
Milanese pollo,1,
Nugget,1,
Orate,1,
Ostriche marenne,1,
Otoro,1,
PROSCIUTTO,1,
PROSICUTTO,1,
Pancake,1,
Pancia maiale,1,
Panna,1,
Parmigiano,1,
Pasta lasagn,1,
Patate crispers,1,
Patate fritte,1,
Pecorino,1,
Pellicola,1,
Pepe verde,1,
Perche,1,
Persico ,1,
Pesce panato,1,
Pizza,1,
Polpa capriolo,1,
Polpa capriolo ,1,
Purée de fraises,1,
Rapelii,1,
Ravioli bradato,1,
Ribs,1,
Ricciola,1,
Ris,1,
Rombi,1,
Saint,1,
Saint ,1,
Saint Jacques ,1,
Saint jacque,1,
Sakura,1,
Salame di cervo,1,
Sale,1,
Salmone tarterizzato fresco,1,
Santa marinara,1,
Scaloppata di tacchino,1,
Scamone,1,
Scamone ,1,
Scamone di manzo,1,
Scamone di manzo ,1,
Scorfano,1,
Sella,1,
Sesamo,1,
Sgombro,1,
Sminuzzato,1,
Sogliole ,1,
Sole,1,
Spalla di vitello,1,
Spalla vitello,1,
Speck colazioni,1,
Spigole,1,
St. Jacques,1,
Straccetti di pollo,1,
TARTUFO,1,
TONNO,1,
TONNO SOTT'OLIO,1,
Tagliato,1,
Tartar,1,
Tartufo ,1,
Tartufo Himalaya ,1,
Tartufo invernale,1,
Thon,1,
Tonno ,1,
Toro,1,
Trancio salmone,1,
Trota,1,
Uova ,1,
Vegan,1,
Vegana,1,
Vino,1,
Vongol,1,
a,1,
acciughe,1,
acetato,1,
agnello pancia,1,
aletta di manzo,1,
aletta manzo,1,
alette di pollo,1,
alga,1,
alga nori,1,
alici,1,
alpermacheroni,1,
anatra ,1,
apfel macheroni,1,
aringa,1,
arrosto,1,
bacca,1,
bacon,1,
balsamico,1,
banana,1,
bedretto,1,
beluga,1,
berga,1,
bianchi,1,
black tiger,1,
blinnis,1,
bottarga,1,
branzini,1,
bresaola,1,
bresse,1,
brick,1,
burro tartuf,1,
burro tartufo ,1,
cacahuete,1,
cantabrico,1,
capp,1,
capperi,1,
cappesante,1,
carapaces,1,
carne,1,
carpaccio po,1,
casare,1,
casarecc,1,
castagne,1,
caviale aringa,1,
caviale di scapi,1,
caviale salmone,1,
caviale tutor,1,
caviar ,1,
chele di granchio,1,
chorizo,1,
cioccolato ,1,
cioccolato bianco,1,
cipolle,1,
coniglio,1,
copzze,1,
cosce coniglio,1,
cosce pollo,1,
costine di maiale,1,
costolette di vitello,1,
cotechino,1,
cotenna,1,
cotto,1,
covertur,1,
cozze ,1,
cozze pastorizzate,1,
cracker,1,
cre,1,
crescione,1,
crevetten,1,
crevettes,1,
crostaci,1,
cruda,1,
demi,1,
dolci,1,
dumolings,1,
easypil 8/12,1,
egli,1,
entrecote ,1,
entrecote di cervo,1,
entrecote di manzo ,1,
entrecotè,1,
erba di mare,1,
espuma,1,
espums,1,
essiccato,1,
fagiano,1,
faraomna,1,
farina,1,
fegato anatra,1,
fegato d'anatra,1,
fegato pollo,1,
fermier,1,
fesa di pollo,1,
fichi,1,
fico,1,
filet sandre,1,
fileto di trota salmonata,1,
filetti di branzino,1,
filetto,1,
filetto branzino,1,
filetto di branzino,1,
filetto di maiale,1,
filetto di manzo tk,1,
filetto di merluzzo,1,
filetto di trota,1,
filetto di trota slamonata,1,
filetto id manzo,1,
filetto orata,1,
fish,1,
flat,1,
foie g,1,
foie gr,1,
foie gras ,1,
foie gras qanatra,1,
foiegras,1,
fond,1,
fondo vit,1,
formag,1,
formag bed,1,
framboise,1,
frisella,1,
frutti di mare,1,
ftrota salmonata,1,
galbani,1,
gambas,1,
gamber,1,
gamberetti,1,
gamberi rossi,1,
gambero ,1,
gelatina,1,
geretto ,1,
geretto di manzo,1,
germogli,1,
gillardea,1,
gillardeau,1,
gillareau,1,
girello vitello,1,
gnocch,1,
gottardo,1,
grana,1,
grana grattuggiato,1,
grana grattugiato,1,
granchio,1,
gras,1,
guance rana ,1,
guancia di maiale,1,
guancia di manzo,1,
guancie,1,
gyoza,1,
hamburger manzo,1,
https://shop.bianchi.ch/catalog2/products/6050/lamm-haxen-mit-bein,1,
hum,1,
insaccato ,1,
involtini,1,
irish country agnello,1,
jacobs,1,
jakob,1,
jakobs,1,
jakobsmuscheln,1,
jus ,1,
jus vit,1,
kalbs,1,
kalbs eckstück,1,
kalbs huft,1,
kalbs nierstück,1,
kalbs nu,1,
kalbs nuss,1,
kataifi,1,
knoch,1,
knochen,1,
l2,1,
lamm ,1,
lamm-haxen-mit-bein,1,
lattuga,1,
lenticchie,1,
lievito,1,
lingua,1,
linguine,1,
lombata,1,
lombata di vitello,1,
lonza,1,
luccio perca,1,
lucioperca,1,
maccheroni ,1,
magatello vitello,1,
maio,1,
maispoulard,1,
majo,1,
mango,1,
mangue,1,
mare,1,
marennes,1,
marmelade,1,
marmellade,1,
masca,1,
mate,1,
mayone,1,
mela,1,
melanzane ,1,
merluzzo 1kg,1,
merluzzo 600/800,1,
mirtilli,1,
miso,1,
mora,1,
moro ,1,
moro occeanico ,1,
moro oceanico ,1,
mosca,1,
moscardini ,1,
moscardini tk,1,
mozzare,1,
mozzarella,1,
muscheln,1,
muschl,1,
muschlen,1,
nazionale,1,
nigiri,1,
noce,1,
noce vitello,1,
oktopus,1,
olio,1,
olio di semi,1,
oona,1,
orata filetto,1,
ossa di pollo,1,
ossobucoi,1,
ostrica,1,
paccheri,1,
paleta,1,
pancetta ,1,
pancetta arrotolata,1,
pancetta maiale,1,
pancia di maiale,1,
pancia maial,1,
panna,1,
parmiggiano,1,
parmigiano,1,
passera di mare,1,
patanegra,1,
patate ,1,
patate fritte,1,
patatine,1,
pecora,1,
perle,1,
pesce per fondue,1,
pesce spada,1,
petto,1,
petto anatra,1,
petto di pollo,1,
petto di pollo senza osso,1,
petto di pollo svizzera,1,
pinsa,1,
piselli ,1,
piselli secchi,1,
pistacchio,1,
pluma,1,
poisson,1,
polipetti,1,
pollo 1.2,1,
pollo iintero,1,
pollo intero,1,
polp,1,
polp'o,1,
polvere,1,
pommes,1,
pomodoro,1,
poovere,1,
porchetta,1,
porrchetta,1,
prete,1,
prosciuto,1,
prosciutto cotto,1,
prosciutto crudo,1,
prosiutto,1,
purea castagne,1,
purea fico,1,
quaglie,1,
rack maiale,1,
rack miale,1,
racks d'agnello,1,
raus kalbs ,1,
raus kalbs haxen,1,
ravioli,1,
regaloro,1,
ricciola,1,
rinds filet,1,
riso,1,
riso a,1,
rosbeef,1,
sakura,1,
salame piccante,1,
salicornia,1,
salm,1,
salmone aff,1,
salmone swiss,1,
sardellen,1,
sardi,1,
sardine,1,
sardine sotto olio,1,
saumon,1,
scaloppina di petto di tacchino,1,
scamone di manzo,1,
scamorza,1,
schlössli,1,
schne,1,
schnecken,1,
scorfano,1,
seitan,1,
senape,1,
sfere,1,
snow,1,
snow crab,1,
sogliole,1,
sole,1,
sosa,1,
spaghetti ,1,
spalla,1,
spray,1,
steinpilze,1,
sudachi,1,
suppen,1,
swiss shrimp,1,
tagliolini,1,
tartare di manzo,1,
tartare salmone,1,
tartaredi manzo,1,
tartufo ,1,
tea pot,1,
terri,1,
tonnarelli,1,
tonno rosso,1,
tortellini,1,
trockenwurst,1,
trota slamonayta,1,
trote,1,
truffle,1,
tsaku,1,
tsartufo,1,
tutor,1,
twa,1,
uova di quaglia,1,
uova di scampi,1,
uova di trota,1,
veramente,1,
verdura,1,
verdure ,1,
verdure grigliate,1,
viennesi,1,
vitello carre,1,
vitello carré,1,
vivi,1,
vongole lupini,1,
vongole veraci,1,
wag,1,
wolfsbarsh,1,
yozu,1,
zucchine,1,
Älplermaccheroni,1,
