Search Term,Event count
,5015,Grand total
salade,71
poulet,47
carotte,45
oignon,44
tomate,39
jambon,38
pdt,36
courge,35
frite,34
saucisse,29
croissant,27
käse,26
courgette,24
taski,23
betterave,22
champignon,22
citron,22
dessert,22
saucisse ,22
banane,21
chocolat ,21
concombre,21
ananas,20
gibier,20
poivron,20
cerf,19
dinde,19
boeuf,18
persil,18
raisin,18
legumes,17
poire,17
entrecote,16
kiwi,16
pomme,16
saucisse de veau,16
terrine,16
aubergine,15
gâteau,15
poireau,15
Mini,14
poivrons,14
pomme de terre,14
salami,14
veau,14
Poulet ,13
basilic,13
chou,13
löffel,13
pate,13
petit pois,13
saumon,13
tofu,13
crevette,12
lait,12
oeuf,12
vegetarien,12
couscous,11
croissant au beurre,11
lardon,11
soja,11
viande haché,11
avocat,10
chou rouge,10
ciboulette,10
coriandre,10
fromage italie,10
orange,10
porc,10
viande séché,10
ail,9
brunoise,9
celeri,9
crevetten,9
estragon,9
falafel,9
filet de truite,9
haricot,9
lard,9
oliven,9
pains ,9
poisson,9
risotto,9
sandwich,9
vol au vent,9
Courge,8
chevreuil,8
couvercle,8
framboise,8
huile olive,8
mini ,8
paris,8
pomme ,8
pommes de terre,8
roquette,8
salade de fruit,8
sauce,8
suma qui,8
vin rouge,8
épinard,8
72304,7
asia,7
aubergines,7
baguette,7
brocoli,7
brownies,7
brun,7
carottes,7
choux,7
citrons,7
confiture,7
croissant ,7
epinard,7
fenouil,7
fromage,7
hot dog,7
jambon ,7
jambon cru,7
julienne,7
laitue,7
légume mélange,7
mangue,7
oeufs ,7
oignons,7
pojarski,7
romanesco,7
rösti,7
sel ,7
spätzli,7
tomate cerise,7
vegane,7
72310,6
75370,6
81591,6
agneau,6
bircher,6
bolet,6
boulgour,6
cabillaud,6
chorizo,6
clémentine,6
cordon bleu,6
cornetto,6
cou de porc,6
delice,6
donuts,6
dorade,6
emincé de boeuf,6
emincé de poulet,6
fond de tartelette,6
gemini,6
gnocchi,6
grenaille,6
huile,6
ketchup,6
macaroni,6
mayonnaise,6
mini muffin,6
mungo,6
nestea,6
palm,6
palmblatt,6
papaye,6
patate douce,6
poitrine,6
poulet ,6
saumon fumé,6
speck,6
tomates,6
10690,5
85974,5
Hot dog,5
Wraps ,5
boeuf ,5
bonbon,5
boulette de boeuf,5
brocolis,5
cerfeuil,5
choucroute,5
choux rouge,5
cuisse de poulet,5
echalote,5
echalottes,5
farine,5
iceberg,5
jambon de dinde,5
laurier,5
legume,5
lentille,5
légume,5
mandarine,5
mango,5
melon,5
michel,5
mini,5
moutarde,5
n143,5
oignon ,5
oignon pelé,5
perche,5
platte,5
poireaux,5
poires,5
poivron ,5
pomme gala,5
pommes,5
quenelle,5
ragout de porc,5
rampon,5
ravioli,5
rohschinken,5
sandre,5
sauce tomate,5
saucisse végan,5
spaghetti,5
steak de boeuf,5
stylo,5
sucre,5
thon,5
tomate ,5
tortellini,5
vanille,5
viande hachée de boeuf,5
viande séchée,5
wakame,5
wedge,5
yaourt,5
 tomate,4
2292,4
2538,4
54889,4
89191,4
89635,4
BROCHETTE,4
Pinsa,4
Pomme ,4
airelle,4
barquette,4
bavette,4
beigne,4
bibox,4
boeuf haché,4
brioche,4
buns,4
cailler,4
calculatrice ,4
canard,4
caotina,4
carotte pelé,4
champignons,4
choky,4
civet,4
cookie,4
cote de blette,4
croissant tourier,4
curry,4
deco,4
demi glace,4
dressing,4
déco,4
echalotte,4
etiquettes ,4
feta,4
focaccia,4
gateau,4
gingembre,4
grana,4
gruyère,4
hamburger,4
herbe,4
jardin,4
jus de pomme,4
kebab,4
lait de coco,4
mache,4
mayo,4
menthe,4
mini viennoiserie,4
mozzarella,4
neff,4
noisette,4
pain chocolat,4
parmesan,4
pate feuilleté,4
penne,4
peperoni,4
pita,4
pois,4
polenta,4
poulet pané,4
prosecco,4
pruneau,4
purée,4
salade menu,4
sanglier,4
speculoos,4
tagliatelle,4
tartare,4
tomate dès,4
tomaten,4
toscane,4
twinings,4
vegan,4
viande haché de boeuf,4
vienne,4
yogourt,4
 barquette,3
 cerf,3
12393,3
12697,3
1351,3
22088,3
2215,3
2380,3
39946,3
43585,3
62121,3
74190,3
Banane,3
Black tiger Crevetten  ,3
Chou,3
Dattes,3
Essig ,3
Gobelet,3
Pinsa ,3
amande ,3
anchois,3
aneth,3
bagel,3
bananes,3
batavia,3
beterave,3
birchermüesli,3
bowl,3
branche cailler,3
browni,3
bruxelle,3
cacao ,3
cannelle,3
capsule nespresso,3
carotte ,3
champi,3
chou fleur,3
chou frisé,3
choux fleur,3
clementine,3
cockta,3
cornichon,3
cote de bette,3
coup de pate,3
coupée,3
courgettes,3
couverture,3
croissant au jambon,3
croissant jambon,3
croissant saumure,3
crème 35,3
céleri,3
dinde ,3
emincé de dinde,3
emincé de porc,3
endive,3
escalope de porc,3
escalope de porc panée,3
escalope porc panée,3
etoile,3
fermiere,3
feuilleté,3
foie ,3
french,3
fromage râpé,3
graine de courge,3
haco bouill,3
hokkaido,3
houmous,3
huile ,3
huile d'olive,3
italienne,3
kagi,3
kinder,3
lollo,3
machine nespresso,3
mandarin,3
marqueur,3
mascarpone,3
maté,3
mayonnaise ,3
mini bagel,3
mini verre,3
moutarde ,3
moutarde  ,3
mozza,3
muffin,3
nestlé,3
noodles,3
nouille,3
nuggets,3
oignon tige,3
onglet de veau,3
osso bucco,3
ouvre boite,3
ovomaltine,3
pain choco,3
panini,3
papier,3
papier cuisson,3
pflanzen,3
pizza,3
pois chiche,3
poitrine de poulet,3
poitrine poulet,3
pomme epluche,3
pomme golden,3
poulet cuisse,3
prune,3
quinoa,3
quorn,3
radis,3
raisin sec,3
ratatouille,3
ricotta,3
riz,3
romarin,3
rôti haché de boeuf,3
salade ,3
salade verte,3
samosa,3
sauce barbecue,3
sauce soja,3
saucisse au choux,3
saucisse aux chou,3
saucisse aux choux,3
saucisse rotir de porc,3
saucisse vege,3
semoule,3
serviette ,3
shiso,3
spatzli,3
speculos ,3
spä,3
steak,3
sucre ,3
sweet chili,3
tartelette,3
tartelettes,3
torino,3
tranche,3
viande de boeuf haché,3
vinaigre blanc,3
volvic,3
wok,3
yoghourt,3
yoghurt,3
yogurt,3
épices ,3
 citron,2
 goutte,2
10750,2
1334,2
15549,2
20983,2
22170,2
27052,2
27777,2
40842,2
450372,2
7358,2
Boiron sans sucre,2
CERF,2
Cacao,2
Cookies,2
Date,2
Encre de seiche,2
FLEUR ,2
FOIE,2
FOIE GRAS,2
Farine à pate,2
Fenouil,2
Fraise,2
French,2
N 143,2
N143,2
Pflanzenfasern-Plättli,2
Pomme des,2
Quartier ,2
Raisin,2
Rambutan,2
Relav,2
Rotkabis,2
SAUMON,2
Sac poubelle,2
Stick,2
a4 blanc,2
abricot,2
ail ,2
aileron,2
ailerons,2
apero gebäck,2
apfel,2
artichaut ,2
arysta.ch,2
balisto,2
barre de céréales,2
basmati,2
batonnets,2
bauerspeck,2
beef bur,2
bento box,2
bette,2
beurre,2
bier,2
birnen,2
blette,2
blinis,2
borde,2
bordelaise,2
bouche ,2
bouillon legumes,2
boulette,2
boulette ,2
boulette boeuf,2
brie,2
brochette,2
bueno,2
bun,2
bun's,2
butcher,2
café,2
cake,2
calamar,2
cannel,2
cannele,2
cannelés,2
caotina sachet,2
capres,2
carré,2
carton pizza,2
cebette,2
cenovis,2
cervela,2
cervelas,2
champignon ,2
cheddar,2
china,2
chips,2
chocola,2
chocolat crè,2
chou ,2
chou fl,2
chou roug,2
choux ,2
choux blanc,2
chèvre,2
cif,2
cipolle,2
citron ,2
civet ,2
civet de cerf,2
clémentin,2
cole-s,2
cordon bleu de poulet,2
country cut,2
couvercle barquette,2
couverture ,2
couverture chocolat,2
couverture chocolat noir,2
couverture chocolat noire,2
couverture noir,2
creme ,2
croissant cailler,2
croissant chocolat,2
croissant praliné,2
croissant végan,2
crouton,2
croûte,2
crème,2
cuillere,2
cumin,2
curcuma,2
célerie,2
côte de por,2
d4.,2
dinde panée,2
distributeur,2
eau ,2
ebly,2
edamame,2
emince de porc,2
emincé de  boeuf,2
emmi,2
epaule agneau,2
epesse,2
epinards,2
etiquette,2
fallafel,2
fechy azuré,2
filet de boeuf,2
filet truite,2
foccacia,2
focus,2
foie gras,2
fond de tarte ,2
fondue,2
fourchette,2
framboise boiron,2
framboises,2
fromage rapé,2
fruit de mer,2
gala,2
gamay,2
gauffre,2
gaufre,2
gobelet café,2
golden,2
grain de mais,2
graine,2
graine de tournesol,2
gurken,2
hampe de veau,2
haricot blanc,2
haricots,2
heniez,2
henniez ,2
hokaido,2
hummus,2
jambon crus,2
jambon pizza,2
jarret,2
jasmin,2
jus d'orange,2
jus de citron,2
kadi,2
kaki,2
katsu,2
kinder bueno,2
kirch,2
kirsch,2
laitiere,2
lard fumé,2
lard sec,2
lardons,2
lauch,2
le dragon,2
lebkuchen,2
legumes grillés,2
lieu,2
lieu noir,2
lolo,2
légume pota,2
légumes racine,2
m&ms,2
macaron,2
machine café nespresso,2
mahi mahi,2
mais,2
mange tout,2
marron,2
marron ,2
marrons,2
mehl,2
merguez,2
mini baguel,2
moule,2
mousse au chocolat,2
mêlée,2
new,2
noix de coco,2
oignon frit,2
oignon nouveau,2
oignon pelée,2
oignon pelées,2
oignon rouge,2
opéra,2
orange cub,2
orange dè,2
orange dès,2
ovo,2
pain,2
pain bagna,2
pain graine,2
pain sandwich,2
pamplemousse,2
panetier,2
panko,2
paprika,2
pdt cube,2
perrier,2
pesto,2
philadelphia,2
poche douille,2
poisson pané,2
poivre blanc,2
poivre vert,2
pomme d,2
pomme de terre country,2
pomme dè,2
pomme grenaille,2
pomme purée,2
pommes de terre ,2
porc ,2
poulet émincé,2
pousse,2
profit maïs,2
prunes,2
pâte feuilleté,2
qorn,2
quark,2
ragoût,2
ragusa,2
rahm,2
rhum,2
riz sauvage,2
russe,2
russe ,2
saltimbocca,2
sambal,2
san sanpellegrino,2
sauce balsamic,2
sauce french,2
saucisse de gibier,2
saucisse de porc,2
saucisse gibier,2
saucisse rotir,2
saucisson vaudois,2
sauge,2
saumon fumée,2
sel,2
set,2
sinalco,2
snickers,2
spag,2
spareribs,2
spatzle,2
spectaculove,2
spiral,2
spray,2
spätzle,2
steak chasseur,2
steak hach,2
steak haché,2
sticks,2
suchard ,2
sucre brun sachet,2
sucre glace,2
séré,2
sésame,2
tam tam,2
tarte,2
tarte épinard,2
tartelette citron,2
tea froid,2
tempe,2
thaï,2
thé,2
tofu ,2
tomme,2
tony,2
tork,2
tortelini,2
viande sechée,2
vin blanc,2
vin blanc ,2
vin rouge cuisine,2
vinaigre,2
vinaigre balsamique,2
volvix,2
weber,2
yakitori,2
zfv,2
épices a couscous,2
épinards,2
étoile,2
 Balls,1
 Palmblattschale ,1
 RAGOUT ,1
 callebaut,1
 confiture fraise,1
 hamburger$,1
 légume asia,1
 noël,1
 pamplemouse,1
 steak hache boeuf,1
 yogourt,1
", Art.Nr. 113",1
100078,1
100096,1
100108,1
100187,1
100190,1
101241,1
101242,1
10292,1
110833,1
113,1
11656,1
1196,1
12063,1
13340,1
13343,1
1382,1
14524,1
14672,1
15 576 317,1
15050,1
1549,1
15576317,1
1560,1
1569,1
15957,1
16089,1
16403,1
16405,1
16766,1
18280,1
1905,1
194,1
1dl,1
20372,1
20373,1
20375,1
20385,1
2088,1
209,1
21116,1
21836,1
2285,1
24355,1
24866,1
26062,1
26098,1
26111,1
26224,1
26592,1
26657,1
26755,1
26756,1
28593,1
28596,1
28599,1
28888,1
28889,1
292,1
293,1
294,1
30080,1
30131,1
31499,1
32200,1
3393,1
36777,1
38438,1
38685,1
39800,1
40100,1
40105,1
4011,1
40210,1
4062,1
40762,1
40803,1
41505,1
41598,1
445002,1
450058,1
45434,1
48038,1
4958,1
511980,1
53640,1
54854,1
55148,1
6646,1
6652,1
7,1
716,1
717,1
723074,1
7433,1
7510.829,1
85649,1
89570,1
89642,1
9569,1
9869,1
A4,1
Agneau,1
Anchoi,1
Aprodine ,1
Azzuri ,1
Azzurri,1
B2285,1
BLINIS,1
BOEUF,1
BOURGUIGNON,1
Balsamique,1
Bechamel,1
Beef Balls,1
Boite,1
Bougies,1
Burr,1
CACao,1
CAROTTE,1
CAROTTE BRUN,1
COCA,1
CUISSE POULET,1
Caf,1
Cafe stick,1
Café zfv ,1
Carotte fa,1
Carotte mini,1
Castel,1
Champi,1
Chipo ,1
Chipo veau,1
Chocolat poudre sachet,1
Chocolat sachet,1
Choux,1
Choux jaune,1
Coing,1
Crevette,1
Crevetten-Spiess ,1
Cupcake ,1
Daterino,1
Demi glace,1
Det,1
Dorade,1
Dörrtomaten,1
EPINARDS,1
Eierpflanzen,1
Entrecote,1
Epinard,1
FOIE DE CANARD,1
FOIS,1
Fatibe,1
Fatine,1
Filet de boeuf,1
Fruchtsalat ,1
Giffard,1
Gnocchi,1
Golden,1
Grenadine,1
Gros sel,1
HACHé BOEUF,1
HACHé BOUEF,1
HOMARD,1
Halloween,1
Halloween ,1
Hiver,1
JAMBOBN,1
JAMBON,1
Ketchup,1
LARD,1
Légume automne,1
M&M's,1
Macaroni,1
Mayo,1
Mesclu,1
Minipainaucocilat,1
Moutarde,1
OIGNON,1
PAPIER BRUN ,1
PIZZA,1
POMME GRENAILLE,1
Pain au chocolat ,1
Papier ,1
Poireau,1
Poiro,1
Poirro,1
Pomme quartier ,1
Pousse,1
Produit de nettoyage,1
Purée citron,1
Rampon,1
Roquette,1
Rotkohl ,1
SAUCISSE CHOU,1
Saint jac,1
Saucisse aux chou,1
Schnittlauch ,1
Skyr,1
Sole,1
Souris,1
Spéculos ,1
Tomate,1
Topi,1
Valhro,1
Valser,1
Vienne,1
WEDGE,1
WEGE,1
adaman,1
agneau ,1
agria,1
ail en poudre,1
aioli,1
airwaves,1
amandes effilés,1
amaretto,1
anans,1
andive,1
anis,1
antipasti,1
aphrodine,1
aphrodite,1
aprodine ,1
arizona,1
artichaud,1
artichaut,1
arysta,1
assortiment,1
atomiseur,1
atriaux,1
aubergine ,1
auberginen,1
avjar,1
b2285,1
baby,1
babybel,1
babybelo,1
bagnat,1
baguet,1
baguette pain,1
baguettes,1
baguettes en bois,1
balcan,1
banan,1
basilic thaï,1
batonet,1
batonnet poiss,1
battonet legume,1
baumnüse,1
baumnüsse,1
bearnaise,1
beau,1
becel,1
beef b8urger,1
beef haché,1
beignet de poisson,1
beignets,1
belpojarski,1
beluga,1
bertolli ,1
betterave cuit,1
bettrave ,1
biere,1
biscuit,1
biscuit oréo,1
biscuit ovo,1
blanc de poulet,1
ble dur fin,1
bllé,1
blätterteig,1
boef,1
boeuf  émincé,1
boeuf emincé,1
boeuf haché ,1
boiron,1
boite pizza,1
bolo soja,1
bologn,1
bombe graisse,1
bonbon halloween,1
bordelai,1
bordelait,1
botz,1
bouche a l'arene,1
bouef ragout,1
bouffe emincé,1
bougi,1
bouillon,1
bouillon de légume,1
bouillon de poule,1
bouillon de volaille,1
bouillon knor,1
bouillon lég,1
bouillon légume ,1
bouillon volai,1
boule lindor,1
boule lindt,1
boulette boeu,1
boulette d'agneau,1
boulette de boeuf ,1
boulette de veau,1
boulette quinoa,1
boulette veau,1
boulettes de boeuf,1
boulg,1
bounty,1
bourguignon,1
bramata,1
branche cailler L,1
branche caillé,1
branche ovo,1
branchli,1
bresaola,1
bresoala,1
brewbee,1
brewwbee,1
brochette de poulet,1
brochette pou,1
brochette poulet,1
brotli,1
brown,1
bruxell,1
bruxelles,1
bufala,1
buffala,1
bun mini,1
burger quinoa,1
butter,1
bünderfleisch,1
bündnerfleisch,1
bürli,1
bœuf ragout,1
cacahuete,1
cacao,1
cacao amer,1
cacao poudre ,1
café crema,1
café décaféiné,1
café giusto,1
café gusto ,1
café late,1
café paris,1
café pois,1
café zfv,1
caille,1
cailler original,1
cake carot,1
campignon emc,1
canelle ,1
canelé ,1
cannelloni,1
cannelloni rico,1
cannellonis,1
cannelonni,1
cannelés au rhum,1
canta,1
cantado,1
cantadou,1
cantonais,1
capre,1
car,1
caramel,1
caramel dawa,1
caramelise,1
cararmel emm,1
care tab,1
carotte  cube,1
carotte 15,1
carotte di,1
carotte epl,1
carotte epluché,1
carotte fin,1
carotte jaune fin,1
carotte pota,1
carotte rapé,1
carotte trié,1
carotte wed,1
carré pesto,1
casio,1
cassis,1
catotte,1
celerie,1
cerise,1
cff,1
champig,1
champignon paris,1
champigono,1
chanterelle,1
chanterelles,1
chanterlle,1
chapelure,1
chasse,1
chasse ,1
cheesc,1
cherry,1
chigga,1
chimichu,1
chiogga,1
chitake,1
choco,1
chocolat,1
chocolat amer,1
chocolat chaud ,1
chocolat chauffer,1
chocolat cuisi,1
chocolat cuisine,1
chocolat de couverture,1
chocoly,1
chopu rouge,1
chou chinois,1
chou de bruxelle,1
chou fleu,1
chou rave,1
choux bla,1
ciboulet,1
ciboulett,1
citons,1
citron jaun,1
citron vert,1
citronelle ,1
citronnelle,1
ckementine,1
claresse,1
clémentines,1
coca,1
coca cola,1
coca zer,1
coca zero,1
coccia,1
cocktail,1
cocktail sau,1
coeur ,1
cognac,1
colesl,1
colin,1
colin ,1
colin bordelaise,1
colin multi,1
colza hol,1
comestible,1
concentre de tomate,1
concentré de tomate,1
conell,1
confiture ,1
confiture airelle,1
confiture de fraise,1
confiture fraise ,1
confiture portion,1
contry cuts,1
cookies,1
coopers,1
coquille saint jacques,1
coquille saint jaques,1
cordon bleu poulet,1
corgette,1
cornetti,1
cornichons ,1
cote,1
cote de porc,1
cotelette,1
cotellete ,1
cotta cheese,1
cotta cheesse,1
cou de porc fumé,1
coucous,1
coulis,1
coulis de fruits rouge,1
courge ,1
courge cube,1
courges,1
courgett,1
courgette 15,1
courgette cube,1
courgettte,1
cousco,1
couverture  chocolat noir,1
couverture blanc ,1
couverture chocolat ivoire,1
couverture chocolats,1
couverture lait,1
couverture noir ,1
couveure ,1
cqorn,1
creme a cafe,1
creme moutarde,1
cresson,1
crevette deco,1
crevetteb,1
crevettes,1
criandre,1
croissant villars,1
croquette,1
croute,1
crouton ,1
croutons,1
croûtons,1
crème a café,1
crème au beurre,1
crème café,1
crème double,1
crème moutarde,1
cuillères ,1
cup cake,1
curry doux,1
curry jaune,1
curry rouge ,1
cut's,1
câpres ,1
céleri fin,1
d1,1
d4.12,1
d7,1
dauraDE,1
decafeiné,1
desinfectant,1
dessert noël,1
dinde escal,1
dinde sca,1
dinde tr,1
dip's,1
dips,1
diversey,1
donut,1
doucette,1
dragon,1
dragonfrucht,1
duchesse,1
duo carotte,1
délices,1
dôme framboise,1
eau gap,1
eau gaz,1
ecalottes,1
ecolab,1
edamam,1
edaman,1
edelweiss,1
el paso,1
emince de veau,1
emincé boeuf,1
emincé de cerf,1
emincé poulet,1
empan,1
empana,1
englischbrot,1
entrcote,1
entrecote de boeuf,1
entrecote de cerf,1
epice thai,1
epices a couscous,1
epinard branche,1
eponge,1
erindshack,1
ermincé de boeuf,1
ernegie,1
escalope,1
escalope de dinde,1
escalope de porc pané,1
escalope de poulet,1
escalope de poulet pané,1
escalope de poulet panée,1
escalope de veau panée,1
escalope din,1
escalope pané,1
escalope panée,1
escalope poulet,1
escaloppe de dinde,1
escaloppe dinde,1
estagon,1
fala,1
falafel ,1
farine ,1
federkohl,1
feigen,1
fenchel,1
fenouil 5mm,1
fenouil brun,1
fermière,1
feuille,1
feuille chêne,1
feuille de chene,1
feuille de vigne,1
feuillete,1
feuilletes,1
feuilleté de saumon,1
figue,1
filet citron,1
filet de colin,1
filet de dinde,1
filet de loup,1
filet de porc,1
filet mignon porc,1
filet poulet,1
fleur de sel,1
flute,1
flûte,1
focqaccia,1
foie canard,1
foie de veau,1
foie grand,1
fond brun,1
fond de gibier,1
fond de tartelette 7 cm,1
fond de tartelette 8 cm,1
fond de veau,1
fond gibier,1
fond tarte,1
four,1
four pastille,1
framboi,1
frappé vanille,1
frapé vanille,1
french  dressing,1
fricassée,1
frite ,1
frite 7,1
frite coupe normale,1
fromage croust,1
fromage grison,1
fromage pané,1
fruit de mert,1
fruits,1
fruits sec,1
fumet de poisson,1
fusilli,1
fusilly,1
féta,1
galette,1
galette de riz,1
galette riz,1
galvanina,1
gants ,1
garden,1
genievre,1
gfipfeli,1
gipfeli,1
giusto,1
gnocchi courge,1
gnocci,1
gnoki,1
gobele,1
gobelet,1
gondel,1
gonl,1
gougère,1
gourmet,1
grain,1
grain maïs,1
graine ,1
graine courge,1
graine de chia,1
granap,1
granapadano,1
granini,1
gratin pa,1
gratin pât,1
gratin pâte,1
grenaill,1
grenaille coupé,1
grill gem^se,1
grill gemüse,1
gruyère ,1
gyosa,1
gyoza,1
haché de boeuf,1
halloween,1
hampe,1
haricot ,1
haricot beurre,1
haricot noir,1
haricot rouge,1
haricot sec,1
haricot vert,1
haricot verts,1
harissa,1
haseln,1
haselnüsse,1
haselnüssse,1
henniez,1
hienniez ,1
hilcona from,1
hotdog,1
hotdogbrot,1
houmo,1
houmohummus,1
houmous bet,1
huile colza,1
huile d olive,1
huile de colza,1
huile oloive,1
huile sesame,1
huile sésame,1
huile truff,1
ice tea,1
italian,1
italie,1
jacques,1
jaipur,1
jambon de dinde ,1
jambon paysan,1
jambon tranche,1
jaret,1
jeune pousse,1
joue de boeuf,1
jud de pomme,1
jus d'abricot,1
jus de pomme ,1
jus de veau,1
jus orange,1
jus raisin,1
kalamata,1
kanelé,1
kiosk,1
kioske,1
kit kat,1
kitkat,1
knor,1
kägi,1
kébab,1
kürbis,1
l6,1
la laitirere,1
lait coco,1
lait de coc,1
laitiers,1
lanz,1
lard trANCHé,1
lardon julienn,1
lasagne,1
leggero,1
legume ,1
legume batonet,1
legumes racines,1
lentille cor,1
lentilles verte,1
liegoise,1
lieu noir italienne,1
lieu noir à l'itaélienne,1
lieu pané,1
limdor,1
lindor,1
lindor noir,1
litchi,1
liveche,1
liégois,1
lotus ,1
lychee,1
légume asia,1
légume surg,1
légume thai,1
légumes,1
légumes thaï,1
légumes wok,1
m&m,1
macaro,1
macarons,1
machine a café,1
machuîne a café,1
macédoine,1
magret,1
mague,1
maizena,1
mandarinne,1
mange tous,1
mangue ,1
marquer blanc,1
marroni,1
mars,1
marsala,1
martini,1
marécha,1
mathé,1
mayonaise ,1
mcm 200,1
menthe ,1
messer,1
micao,1
michel pamplemouse,1
miel ,1
miel portion,1
mignardise,1
milch,1
mille,1
minestron,1
mini burger,1
mini délice,1
mini délices,1
mini légumes,1
mini poireaux,1
mini verine,1
mini verrine,1
mini vienoiserie,1
mirin,1
mixer,1
moretti,1
mousse chocolat,1
mouton,1
muffin glut,1
mélange,1
nem,1
neslté,1
neslé,1
nesta,1
nettoyant four,1
niok,1
noisette car,1
noisettes ,1
noix,1
noix ,1
noix de3 coco,1
nouille chinese,1
nouille chinoise,1
nouille de riz,1
nouveau,1
nouveau oignon,1
nugetts,1
nugget,1
nugget fromag,1
nugget légumes,1
nuggetas,1
nuoc,1
nuok,1
oatly,1
oeuf de caille,1
oeuf liquide ,1
ognion ,1
ognion fane,1
oignin,1
oignon cube,1
oignon frits,1
oignon grillé,1
oignon haché,1
oignon p,1
oignon pelé ,1
oignon perle,1
oignon rouge emincé,1
oignons ,1
oignons grill,1
oignons rouge,1
oigono,1
oigonon,1
oigons ,1
oigons emincé,1
olives,1
olma,1
olma wurst,1
omelettes,1
onglet,1
onion,1
orangensaft,1
oranges,1
orecchiette,1
orechiet,1
origan,1
oréo,1
os à m,1
pacovis,1
pad,1
padano,1
paille de fer,1
pain au chocolat,1
pain au lai,1
pain bagnat,1
pain choc,1
pain de mie,1
pain kebab,1
pain pita,1
pain raisin,1
pains,1
panais,1
paneer,1
panini ,1
papier main,1
paratha,1
paris bouton,1
paris bres,1
paris-bres,1
parisienne,1
parmesa,1
parmesanmesser,1
parmigiano,1
pastille four ,1
patate,1
patate douce pelée,1
patates,1
pate bouillon de poule,1
pate en croustillante,1
pate en croute,1
pates ,1
paté,1
paâtisserie,1
paéla,1
pdt 15,1
pdt agria,1
pdt cub,1
pdt dès,1
pellegrino,1
penko,1
permane,1
pers,1
persil pla,1
persl,1
petit pois carotte,1
petit pois et carotte,1
petit pois et carottes,1
petits pois,1
philad,1
philadephia,1
philadl,1
piccata,1
piccatta dinde,1
pickles,1
pilon de poulet,1
piment,1
pizza fodn,1
pizza fond,1
planche,1
plättli,1
poche a douille,1
poche adouille,1
poire hero,1
pois chichwe,1
pois gourmand,1
poitrine de porc ,1
poitrine de porc salé,1
poivre ,1
poivre citron,1
poivre moulu,1
poivre noir,1
poivron f,1
poivron farci,1
poivron mélange,1
pojar,1
poke,1
polentat,1
polynox,1
pome de terre,1
pomem gr,1
pomme cub,1
pomme d terre,1
pomme de terre surgcountry,1
pomme terre,1
pommes de terre cube,1
porc chasseur,1
porc pane,1
porc pané,1
portion de fromage,1
potato ,1
potato rolls,1
poudre cacao,1
poulet emincé,1
poulet pane,1
poulet poitrine,1
poulet ragout,1
pousse betterave,1
pousse epinards,1
pruneaux,1
puerto,1
puni,1
purell mag,1
purée boiron,1
purée dit,1
pâpaye,1
pâte,1
pâte poulet,1
pâté,1
pâté croute,1
qavocat,1
quartier de pomme,1
quartier de pomme surg,1
quartier de pomme surgelé,1
quartier de pomme surgelés,1
quasi de porc,1
quaside porc,1
quenelle de pain,1
quenelle pain,1
quiche au épinard,1
quiche au épinjaerd,1
quirch,1
r agout de porc,1
raclette,1
rag cerf,1
ragout,1
ragout agneau,1
ragout boeuf,1
ragout de bœuf,1
ragout de dinde,1
ragout dind,1
ragout poulet,1
ragusa noir,1
raisins,1
raisoin sec,1
ramboutans,1
ramequin,1
ramequin mini,1
rameseir,1
rameseïr,1
ramseier,1
ramsier,1
ramsier süssmost,1
ras,1
ras el hanout,1
ratatou,1
ratatouil,1
rationa,1
rational,1
rattan,1
raviol,1
ravioli cham,1
raviolinis ,1
raz el hanout,1
reiniger ,1
relish,1
ricottapoisson,1
rindkack,1
rinds,1
rindsballs,1
rindshackfleisch,1
rissoto,1
rivella,1
riz basm,1
riz de camarque,1
riz jasmin,1
riz rouge,1
riz rouge ,1
riz rouge de camargue,1
riz rouge de camarque,1
roastbeef,1
rohscvhinken,1
roll,1
romamesco,1
romanseco,1
rosbee,1
rosti,1
rosti pizza,1
roti de porc,1
roti hache,1
rouelle,1
rouget,1
rouleau bleu,1
rouleau de printemps,1
rouleau printemp,1
rouleaux de printems,1
rrrrrrohschinken,1
rub,1
rucola,1
rôti de boeuf haché,1
rösti courge,1
"s,pelligrino",1
sac a dresser,1
sac poubelle,1
saint jacques,1
saint jaques,1
saint pel,1
saint pellegrino,1
saint pelligrino,1
sake,1
salade frui,1
salade melée,1
salade mêlé,1
salsifie,1
salsifis,1
saltimbocca ,1
saltimbocca dinde,1
saltimboccsa,1
sambalolek,1
san pellegrinoi,1
san sanpelle,1
sang,1
sanpellegrino,1
sans lact,1
saptzlis,1
sauce  kebab,1
sauce poisson,1
sauce sweet chili,1
sauce yakitori,1
saucison ,1
saucisse  de veau,1
saucisse a rotir de porc,1
saucisse au chou,1
saucisse choux,1
saucisse de cerf,1
saucisse de veau8,1
saucisse de vienne,1
saucisse fumé,1
saucisse porc,1
saucisse végane,1
saucisse à rotir de porc,1
saucisse à rôtir,1
schnitlauch,1
schnittlauch,1
schubli,1
schublig,1
schü,1
schüblig,1
schübling,1
sebaste,1
sel de guerande,1
sel fin,1
sel portion,1
semoule ,1
semoule de blé,1
semoule mai,1
sensitive,1
sesam,1
set tork,1
shiitake,1
sirop de grenadine,1
sirop de grenafdine$,1
snikers,1
soludi,1
sombalelek,1
soshi,1
sp,1
spagh,1
sparib,1
spatzlis,1
spellegrino,1
spirale,1
sprite,1
spät,1
spätz,1
spätzli aux épinard,1
späzle,1
spéculos ,1
st pel,1
steak ,1
steak boeuf,1
steak de cerf,1
steak hache,1
steak hache de boeuf,1
steak hache de cerf,1
steak haché de boeuf,1
steak végan,1
stick,1
stylo indelebile,1
sucre  cristallisé ,1
sucre b sachet,1
sucre brun,1
sucre brun sachets,1
sucre brut,1
sucre portion,1
sucre roux ,1
sucre sachet,1
sugus,1
suma grill,1
supreme,1
supreme de poulet,1
supreme poulet,1
surgminiblinis,1
susmost,1
süssmost,1
tagliatel,1
tagliatelles,1
tahani,1
tahini,1
tampon,1
tarte ,1
tarte flambé,1
tarte flanbé,1
tartelette framboise,1
tartellet,1
tempeh,1
the froid,1
thomas,1
thony,1
thousand,1
thym,1
thé la menthe,1
thé peche,1
thé vert,1
thé verveine,1
thé à la menthe ,1
toast sandwich,1
tofu fumé,1
tomat,1
tomate ceriser,1
tomate cher,1
tomate cherry,1
tomate cub,1
tomate séchée,1
tomate$,1
tomatefeuillete,1
tomato,1
toner,1
topinam,1
topping,1
torsade abricot,1
tort,1
tortelin,1
tortelinie,1
tortellinie,1
tortilla,1
tortilla ,1
traiteur,1
truffe,1
truite,1
tuscan,1
twing,1
twingi,1
twingns,1
téléphone,1
tête de moine,1
udon,1
vaudois,1
veau haché,1
vegetarie,1
vegetarie nes,1
vegetarien toma,1
vermicel,1
viande de boeuf hachél,1
viande hachée,1
viande kebab,1
viande séché de boeuf,1
vichy,1
vin,1
vin blanc cuisine,1
vin de cuisine,1
vin rouge ,1
vinade crus,1
vinade séché,1
vinaigre de pommes,1
vinaigrette,1
vinaigrette ,1
vinaigrette italie,1
vitamin,1
vivi,1
vollei,1
volvic ,1
vrmicelle,1
vuna,1
wakasu,1
weberg,1
webwerg,1
well,1
wiberg,1
wing,1
xères,1
yakitori sauce,1
yaourt soja,1
yoghourt nature ,1
yogour,1
yogour fruit,1
yogour sans la,1
yogourt fruit,1
yogourt natu,1
yogourt nature,1
yogourt nef,1
yogourt sans lactose,1
zeste,1
¨039946,1
¨séré,1
échalote,1
échan,1
émincé boeu,1
émincé de boeuf ,1
épices marocaine,1
épluche,1
étoile badiane,1

